strategy_name,prompt_id,prompt,generated_text,input_tokens,output_tokens,latency_seconds,tokens_per_second,generation_config,response_preview
Greedy,P1_VPN_Authentication_Failure,"User cannot connect to corporate VPN. Error: ""Authentication failure"" on Cisco AnyConnect. Provide a step-by-step resolution procedure.","1. Check the network connection: Ensure that the user is connected to the corporate network and that the network connection is stable. 2. Verify the network settings: Confirm that the user's network settings are correct, including the IP address, subnet mask, default gateway, and DNS server addresses. 3. Check the firewall settings: Verify that the user's firewall settings allow traffic to the corporate network and the Cisco AnyConnect server. 4. Check the Cisco AnyConnect client settings: Ensure that the user has installed the latest version of the Cisco AnyConnect client and that it is configured correctly. 5. Check the Cisco AnyConnect client logs: Review the logs for any error messages or warnings that may indicate the cause of the authentication failure",26,150,11.672,12.851,"{""do_sample"": false, ""num_beams"": 1, ""max_new_tokens"": 150}","1. Check the network connection: Ensure that the user is connected to the corporate network and that the network connection is stable. 2. Verify the network settings: Confirm that the user's network settings are correct, including the IP address, subnet mask, default gateway, and"
Beam_Search,P1_VPN_Authentication_Failure,"User cannot connect to corporate VPN. Error: ""Authentication failure"" on Cisco AnyConnect. Provide a step-by-step resolution procedure.",1. Ensure that the user has the correct username and password for the corporate network. 2. Verify that the user has the latest version of Cisco AnyConnect installed on their device. 3. Check if the user is using the correct profile for the corporate network. 4. Ensure that the user has the necessary permissions to access the corporate network. 5. Check if the user is using the correct IP address and port number for the corporate network. 6. Verify that the user is using the correct SSL certificate for the corporate network. 7. Check if the user is using the correct DNS settings for the corporate network. 8. Verify that the user is using the correct proxy settings for the corporate network. 9.,26,150,15.981,9.386,"{""do_sample"": false, ""num_beams"": 4, ""early_stopping"": true, ""max_new_tokens"": 150}",1. Ensure that the user has the correct username and password for the corporate network. 2. Verify that the user has the latest version of Cisco AnyConnect installed on their device. 3. Check if the user is using the correct profile for the corporate network. 4. Ensure that the u
Top_K_Sampling,P1_VPN_Authentication_Failure,"User cannot connect to corporate VPN. Error: ""Authentication failure"" on Cisco AnyConnect. Provide a step-by-step resolution procedure.","If the issue persists, provide troubleshooting steps. 1. Check Network Connection To ensure that the user has proper network access and connectivity. Follow these steps: a. Verify that the user is able to connect to the internet using the browser. b. Verify that the user can ping the gateway address of the main router. c. Verify that the user can ping the domain name server (DNS) used by the organization. d. Verify that the user can ping the IP address of the remote network from the corporate network. e. Do a port scan from the corporate network to see if all relevant ports are open from the corporate network to the remote network. 2. Check User Credentials Verify that the user credentials are correct and up-to-date in the",26,150,11.372,13.19,"{""do_sample"": true, ""num_beams"": 1, ""temperature"": 0.7, ""top_k"": 50, ""top_p"": 1.0, ""max_new_tokens"": 150}","If the issue persists, provide troubleshooting steps. 1. Check Network Connection To ensure that the user has proper network access and connectivity. Follow these steps: a. Verify that the user is able to connect to the internet using the browser. b. Verify that the user can ping"
Top_P_Sampling,P1_VPN_Authentication_Failure,"User cannot connect to corporate VPN. Error: ""Authentication failure"" on Cisco AnyConnect. Provide a step-by-step resolution procedure.","Here are the steps to troubleshoot and resolve the issue of authentication failure while connecting to a corporate VPN using Cisco AnyConnect:

1. Check the network connection
- Verify that your device is connected to the corporate network (e.g., Wi-Fi or Ethernet cable).
- Ensure that your device's network settings are correctly configured for the corporate network.
2. Check the firewall rules
- If you have a firewall enabled, check if it allows the traffic to the corporate network and any relevant ports used by Cisco AnyConnect.
- Consider temporarily disabling the firewall to rule out any potential issues with it.
3. Clear browser cookies and cache
- Sometimes, clearing browser cookies and cache can resolve issues with authentication failures.
4. Disable any antivirus software
-",26,150,11.157,13.444,"{""do_sample"": true, ""num_beams"": 1, ""temperature"": 0.7, ""top_p"": 0.9, ""max_new_tokens"": 150}","Here are the steps to troubleshoot and resolve the issue of authentication failure while connecting to a corporate VPN using Cisco AnyConnect:  1. Check the network connection - Verify that your device is connected to the corporate network (e.g., Wi-Fi or Ethernet cable). - Ensur"
Temperature_0_3,P1_VPN_Authentication_Failure,"User cannot connect to corporate VPN. Error: ""Authentication failure"" on Cisco AnyConnect. Provide a step-by-step resolution procedure.","1. Check the network connection: Ensure that the user's device is connected to the corporate network and that the network connection is stable. 2. Verify the network settings: Confirm that the user has the correct IP address, subnet mask, gateway, and DNS server addresses configured in their network settings. 3. Check the firewall settings: Ensure that the user's firewall is not blocking the connection to the corporate network. 4. Check the AnyConnect client settings: Verify that the user has selected the correct authentication method (e.g., certificate-based or username/password) and that the correct credentials are entered. 5. Check the network security policies: Ensure that the user's organization has not implemented any network security policies that may be preventing the",26,150,13.031,11.511,"{""do_sample"": true, ""num_beams"": 1, ""temperature"": 0.3, ""max_new_tokens"": 150}","1. Check the network connection: Ensure that the user's device is connected to the corporate network and that the network connection is stable. 2. Verify the network settings: Confirm that the user has the correct IP address, subnet mask, gateway, and DNS server addresses configu"
Temperature_0_7,P1_VPN_Authentication_Failure,"User cannot connect to corporate VPN. Error: ""Authentication failure"" on Cisco AnyConnect. Provide a step-by-step resolution procedure.","Step 1: Verify Network Connectivity
Ensure that the user can connect to the internet and other devices on the network. Run a traceroute from the user's device to the company's DNS server (e.g., 8.8.8.8). If the user can reach the DNS server, they should be able to access other websites and services as well.

Step 2: Check User Account Permissions
Verify that the user has the necessary permissions to access the network resources. Check with IT support if the user is a new employee or if there are any changes in their account permissions.

Step 3: Verify Cisco AnyConnect Installation
Check that Cisco AnyConnect is installed and up-to-date on the user's device. Open the Cisco Any",26,150,11.78,12.733,"{""do_sample"": true, ""num_beams"": 1, ""temperature"": 0.7, ""max_new_tokens"": 150}","Step 1: Verify Network Connectivity Ensure that the user can connect to the internet and other devices on the network. Run a traceroute from the user's device to the company's DNS server (e.g., 8.8.8.8). If the user can reach the DNS server, they should be able to access other we"
Temperature_1_2,P1_VPN_Authentication_Failure,"User cannot connect to corporate VPN. Error: ""Authentication failure"" on Cisco AnyConnect. Provide a step-by-step resolution procedure.","Here are the steps for resolving an authentication failure issue with Cisco AnyConnect when attempting to connect to a corporate network using an SSL-encrypted tunnel over a 3rd party network:

1. Verify the user account and password
	* Ensure the user account exists in Active Directory or LDAP
	* Ensure the password is not expired or has been changed recently
	* Verify the domain administrator account has the appropriate permissions to grant network access
2. Check the client software version
	* Download and install any available updates for the Cisco AnyConnect client
	* Confirm that you are running the most recent client version
3. Review and modify security restrictions
	* Check the Cisco AnyConnect connection properties and make sure that any applicable policies have been",26,150,11.706,12.814,"{""do_sample"": true, ""num_beams"": 1, ""temperature"": 1.2, ""max_new_tokens"": 150}",Here are the steps for resolving an authentication failure issue with Cisco AnyConnect when attempting to connect to a corporate network using an SSL-encrypted tunnel over a 3rd party network:  1. Verify the user account and password 	* Ensure the user account exists in Active Di
