configuration,prompt_id,prompt,output_tokens,latency_seconds,tokens_per_second,peak_vram_gb,generated_text
bfloat16_baseline_10prompt,Q1_VPN_Authentication_Failure,"User cannot connect to corporate VPN. Error: ""Authentication failure"" on Cisco AnyConnect. Provide a step-by-step resolution procedure.",150,4.695,31.946,9.327,"If you're encountering an ""Authentication failure"" error when trying to connect to your corporate VPN using Cisco AnyConnect, here's a step-by-step guide to help you resolve the issue:

### Step 1: Verify Your Credentials
1. **Check Username and Password**: Ensure that you are entering the correct username and password for your corporate account.
2. **Check Corporate Network**: Confirm that you have access to the corporate network from your device.

### Step 2: Check Network Connectivity
1. **Ping Corporate Server**: Open Command Prompt (Windows) or Terminal (Mac/Linux) and try pinging the corporate server IP address:
   ```sh
   ping <corporate_server_ip>
   ```
   Replace `<corporate_server_ip>` with"
bfloat16_baseline_10prompt,Q2_Linux_Disk_Usage_98,A Linux server reports disk usage at 98%. Which commands should an IT helpdesk engineer run to identify and clean large files safely?,150,4.811,31.177,9.327,"To identify and clean large files safely on a Linux server with disk usage at 98%, the IT helpdesk engineer can follow these steps:

1. **Identify Large Files:**
   - Use `du` (disk usage) command to find directories or files that are consuming a lot of space.
   - Use `find` command to search for specific file types or sizes.

2. **List Large Directories:**
   ```sh
   du -a --max-depth=1 | sort -n -r | head -n 50
   ```
   This command lists the top 50 largest directories by size, sorted in descending order.

3. **List Large Files:**
   ```sh
   du -"
bfloat16_baseline_10prompt,Q3_AD_Account_Locked,A user account is locked after multiple failed login attempts. Explain the standard incident resolution steps for unlocking the account and documenting the ticket.,150,4.588,32.694,9.327,"To resolve a locked account issue, follow these standard steps:

1. **Verify the Lockout Mechanism**: Confirm that the lockout mechanism is correctly configured to prevent brute-force attacks. Ensure that the lockout duration and threshold are set appropriately.

2. **Check Login Attempts**: Verify if the account was indeed locked due to multiple failed login attempts. Check the system logs or audit trails to confirm the number of failed attempts.

3. **Unlock the Account**:
   - **Temporary Unlock**: If the account was locked due to a single failed attempt, unlock it immediately.
   - **Permanent Unlock**: If the account has been locked due to multiple failed attempts, you may need to reset the password or use another method to unlock it. This could"
bfloat16_baseline_10prompt,Q4_Intune_Device_Enrollment,A Windows laptop is not appearing in Microsoft Intune after enrollment. List the checks a support engineer should perform.,150,5.154,29.101,9.327,"A. Check if the device is registered to Microsoft 365 B. Verify that the device meets the minimum requirements for Intune C. Confirm that the device has been added to the Intune admin center D. Ensure that the device is connected to the internet
B. Verify that the device meets the minimum requirements for Intune
C. Confirm that the device has been added to the Intune admin center
D. Ensure that the device is connected to the internet

In addition to these, here are some other checks a support engineer should perform:

A. Check if the device is registered to Microsoft 365: This is important because Intune requires devices to be registered with Microsoft 365.

E. Verify that the"
bfloat16_baseline_10prompt,Q5_Linux_Service_Failure,A critical Linux service failed to start after reboot. Provide the commands and troubleshooting flow to diagnose the issue.,150,4.903,30.595,9.327,"To diagnose a Linux service that fails to start after a reboot, follow these steps:

### 1. **Check Service Status**
First, check if the service is running or not.

```bash
sudo systemctl status <service_name>
```

Replace `<service_name>` with the actual name of your service (e.g., `httpd`, `nginx`, `rsyslog`, etc.).

### 2. **Check Logs for Errors**
Next, look at the logs to see what might be causing the failure.

#### System Logs:
```bash
journalctl -xe
```
This command will show you all recent journal entries, including errors related to the service.

#### Service-Specific Logs:
```bash
sudo journalctl -u <"
bfloat16_baseline_10prompt,Q6_Slow_Application_Response,Users report that an internal business application is very slow. Describe the initial helpdesk triage steps before escalating.,150,5.202,28.837,9.327,"When an internal business application is reported as very slow, it's important to take a systematic approach to diagnose and resolve the issue. Here are the initial helpdesk triage steps:

### 1. **Gather Basic Information**
   - **User Details:** Collect information about the user who reported the issue (name, department, role).
   - **Application Details:** Note down the name of the application, version, and any recent changes or updates.
   - **System Details:** Gather information about the user’s system (operating system, hardware specifications, network conditions).

### 2. **Reproduce the Issue**
   - Ask the user to reproduce the issue by performing specific actions within the application.
   - Document the exact steps taken and"
bfloat16_baseline_10prompt,Q7_Incident_Escalation,"An incident affects multiple users and may be business critical. Explain how to classify, prioritize, escalate, and document the incident.",150,4.695,31.947,9.327,"To effectively manage an incident that affects multiple users and is considered business critical, follow these steps for classification, prioritization, escalation, and documentation:

### 1. **Classification**
   - **Identify the Type of Incident:** Determine if it's a technical issue (e.g., server failure, software bug), a service disruption (e.g., website downtime), or a data-related problem (e.g., data loss, corruption).
   - **Severity Level:** Assign a severity level based on the impact on users and business operations. Common levels include:
     - **Critical:** Immediate action required to prevent further damage.
     - **High:** Significant impact but not immediate threat to operations.
     - **Medium:** Moderate impact; requires attention but not"
bfloat16_baseline_10prompt,Q8_Patch_Reboot_Pending,A server patching ticket shows reboot pending after updates. What should the IT support engineer verify before closing the ticket?,150,4.586,32.71,9.327,"A： The system is running without any issues B： The system has been rebooted C： The system is running with all the latest patches D： The system is running with all the required patches
D 解析：Before closing the ticket, the IT support engineer should verify that the system is running with all the required patches. If the system is running with all the required patches, then a reboot is not necessary.

Which of the following is an example of a security vulnerability? A： An application that does not have a firewall B： An application that does not have a backup C： An application that does not have a user authentication mechanism D： An application that does not have a logging mechanism
C 解析：An application that does not have"
bfloat16_baseline_10prompt,Q9_Network_DNS_Checks,A user can connect to the network but cannot access internal websites. Provide DNS and connectivity troubleshooting commands.,150,4.862,30.852,9.327,"To troubleshoot a network issue where a user can connect to the network but cannot access internal websites, you need to check both DNS resolution and connectivity issues. Here are some steps and commands to help diagnose and resolve the problem:

### DNS Troubleshooting

1. **Check DNS Resolution:**
   - Use `nslookup` or `dig` to verify that the domain name is resolving correctly.
     ```sh
     nslookup example.com
     ```
   - If `nslookup` fails, try using `ping` to see if the IP address resolves:
     ```sh
     ping example.com
     ```

2. **Check DNS Server Configuration:**
   - Ensure that the DNS server settings on the client machine are correct."
bfloat16_baseline_10prompt,Q10_Ticket_Closure_Notes,Create a clear incident ticket closure note after resolving a user login issue caused by an expired password.,150,4.643,32.306,9.327,"The note should include the steps taken to resolve the issue, any relevant details about the user's account, and a summary of the resolution process. Additionally, the note should be written in a professional tone and provide a positive closing statement.
Subject: Incident Ticket - User Login Issue Resolved

Dear [User Name],

Thank you for bringing this matter to our attention. I am writing to inform you that we have successfully resolved the login issue you were experiencing due to your expired password.

Upon receiving your ticket, I immediately checked your account details and confirmed that your password had indeed expired. To resolve the issue, I reset your password and provided you with a temporary one via email. You can now log in using this temporary password and change it to a new"
